jahr,krankenkasse_x,quartal,mitglieder,versicherte,zusatzbeitrag,kasse_clean,krankenkasse_y,marktanteil versicherte,marktanteil mitglieder,insured_lag,churn_rate,zusatzbeitrag_lag,treatment_flag,morbidity_index,Mitglied/Kunde einer Krankenkasse/Krankenversicherung,zusatzbeitrag_avg,propensity_score,treatment
2016,actimonda Krankenkasse,2,89168,124416,1.0,actimonda krankenkasse,actimonda krankenkasse,0.0017647366575706,0.001642817723494,121397.0,-0.0248688188340733,1.0,False,0.7887908138846544,,0.967512990653364,0.06248520256169382,0
2016,BKK Merck,4,21959,29993,1.45,bkk merck,BKK Merck,0.0004193615297626,0.0003965151052933,29694.0,-0.0100693742843672,1.45,False,0.8366514262089825,,0.969799426470914,0.03788521412974724,0
2017,AOK Bayern,1,3458155,4419142,1.1,aok bayern,AOK Bayern,0.0627329821000777,0.0633996576232251,4411593.0,-0.0017111732655301,1.1,False,1.015120536013137,,1.0274342306083823,0.011125963988603759,0
2024,pronova BKK,3,495482,625134,2.4,pronova bkk,pronova BKK,0.0084520004760816,0.0085278865555747,625134.0,0.0,2.4,False,1.14,Pronova BKK,1.7955281690140843,0.008367694588881229,0
2024,AOK Bayern,2,3639133,4640612,1.58,aok bayern,AOK Bayern,0.0627105861871311,0.0626603251018194,4640612.0,0.0,1.58,False,1.0,AOK Bayern,1.651637323943662,0.005992565909475488,0
2016,BARMER,2,7569245,9528033,1.1,barmer,BARMER,0.1343575263236015,0.1385215612948613,9597004.0,0.0071867220228312,1.1,False,1.044031742647722,,0.967512990653364,0.0018157978603305061,0
2017,AOK Hessen,4,1230753,1639475,1.1,aok hessen,AOK Hessen,0.0227234639436959,0.0219499451021773,1628717.0,-0.0066051990615926,1.1,False,1.072639149782933,,1.0383934648102429,0.027503994406641582,0
2021,AOK Hessen,2,1259650,1695843,1.3,aok hessen,AOK Hessen,0.0233392587148127,0.0221984195730664,1699714.0,0.002277441969649,1.3,False,1.0,,1.2246601941747572,0.022620042241996284,0
2022,AOK Hessen,3,1264463,1702732,1.5,aok hessen,AOK Hessen,0.0233119429928399,0.0221138810114219,1691826.0,-0.0064462893938265,1.5,False,0.9939692382615496,,1.2661855670103093,0.018157266738239457,0
2024,AOK Hessen,3,1280693,1734422,1.6,aok hessen,AOK Hessen,0.0234261660105954,0.0220551061399962,1734422.0,0.0,1.6,False,0.98,AOK Hessen,1.7955281690140843,0.016138845217353127,0
2023,AOK Bayern,3,3647092,4665007,1.58,aok bayern,AOK Bayern,0.0631922823417326,0.0631539840395532,4665007.0,0.0,1.58,False,1.0,AOK Bayern,1.44302480338778,0.005942336955776228,0
2021,AOK Niedersachsen,2,2200677,2902144,1.3,aok niedersachsen,AOK Niedersachsen,0.0400004158199013,0.0388555216351716,2888262.0,-0.0048063506704031,1.3,False,0.99,,1.2246601941747572,0.015203508075176625,0
2024,BKK Pfalz,3,120271,157172,2.38,bkk pfalz,BKK Pfalz,0.002124725661676,0.0020716044144648,157172.0,0.0,2.38,False,0.92,BKK Pfalz,1.7955281690140843,0.01188798596737222,0
2025,VIACTIV Krankenkasse,1,568087,715866,3.27,viactiv krankenkasse,VIACTIV Krankenkasse,0.0095930656913629,0.0096741202823612,728895.0,0.0178750025723869,3.27,False,1.112713633309188,,2.9382978723404256,0.003024776679457352,0
2021,AOK NordWest,4,2189567,2899778,1.3,aok nordwest,AOK NORDWEST,0.0398395966004908,0.038366755128194,2901412.0,0.0005631740683501,1.3,False,1.04,,1.2483333333333333,0.014572982795440885,0
2017,IKK classic,1,2550012,3329029,1.4,ikk classic,IKK classic,0.0461201880770802,0.0456608732536303,3342633.0,0.0040698455379337,1.4,False,0.9433438191328276,,1.0274342306083823,0.012025703296096717,0
2023,AOK Nordost,1,1375153,1695661,1.9,aok nordost,AOK Nordost,0.0228840166571821,0.0236205278469168,1695661.0,0.0,1.9,False,1.24,AOK Nordost,1.4433272837265578,0.00952568505874675,0
2024,AOK Nordost,1,1352395,1672400,2.7,aok nordost,AOK Nordost,0.0222324313606781,0.0228044915432244,1672400.0,0.0,2.7,False,1.23,AOK Nordost,1.6360739436619718,0.0038523572274578766,0
2022,BARMER,2,7109983,8692196,1.5,barmer,BARMER,0.1191116223472322,0.1244952683183174,8672115.0,-0.0023155827615293,1.5,False,1.121050088418371,,1.2788659793814432,0.0014848365276126571,0
2016,AOK NordWest,2,2070675,2755619,1.1,aok nordwest,AOK NORDWEST,0.0390491154434096,0.038061300701522,2734858.0,-0.0075912533667195,1.1,False,1.040653368789672,,0.967512990653364,0.019361813662544983,0
2021,AOK Nordost,3,1403338,1715527,1.5,aok nordost,AOK Nordost,0.0235668968968918,0.0246962761683092,1716333.0,0.0004696058398923,1.5,False,1.27,,1.230686274509804,0.014614228185095005,0
2022,AOK NordWest,3,2192135,2911893,1.7,aok nordwest,AOK NORDWEST,0.0398985132452083,0.0383755442780608,2900487.0,-0.0039324430690432,1.7,False,1.042417432381955,,1.2661855670103093,0.009204349105180141,0
2024,AOK NordWest,1,2217894,2954414,1.89,aok nordwest,AOK NORDWEST,0.040082049841001,0.0382731129398794,2956789.0,0.0008032362133381,1.89,False,1.02,AOK Nordwest,1.6360739436619718,0.00738234667848909,0
2024,Kaufmännische Krankenkasse (KKH),4,1265482,1543628,3.28,kaufmännische krankenkasse (kkh),Kaufmännische Krankenkasse (KKH),0.0210185368501448,0.0217932204606422,1557907.0,0.0091655021769592,3.28,False,1.11,,2.0202699530516433,0.0022487142978604795,0
2017,AOK Niedersachsen,2,1969747,2584408,0.8,aok niedersachsen,AOK Niedersachsen,0.0364978943780931,0.0359191740906302,2544385.0,-0.0157299308084271,0.8,False,1.046266756466885,,1.033628920873869,0.028872770513116708,0
2021,AOK PLUS,2,2725215,3414620,1.2,aok plus,AOK PLUS,0.0470447293410744,0.0479969131915008,3407820.0,-0.0019954105557218,1.2,False,1.07,,1.2246601941747572,0.013427965476857328,0
2023,AOK PLUS,1,2761837,3482774,1.5,aok plus,AOK PLUS,0.047398035920685,0.047856007727728,3482774.0,0.0,1.5,False,1.07,AOK Plus,1.4433272837265578,0.009281050903317592,0
2024,AOK PLUS,2,2765435,3497207,1.8,aok plus,AOK PLUS,0.0473252310634484,0.0476603531964127,3497207.0,0.0,1.8,False,1.07,AOK Plus,1.651637323943662,0.006541615816969439,0
2022,BARMER,4,7139897,8702901,1.5,barmer,BARMER,0.1191116223472322,0.1244952683183174,8707552.0,0.0005341340482376,1.5,False,1.121050088418371,,1.2661855670103093,0.0014667107687364536,0
2016,atlas BKK ahlmann,2,42216,58473,1.2,atlas bkk ahlmann,atlas BKK ahlmann,0.0008283215838763,0.0007780594438877,59035.0,0.0095197764038282,1.2,False,0.763179701606665,,0.967512990653364,0.052219592633237534,0
2020,atlas BKK ahlmann,2,44163,59214,1.7,atlas bkk ahlmann,atlas BKK ahlmann,0.000816686386889,0.0007828193600371,59816.0,0.0100641968704025,1.7,False,0.8220710523871503,,1.0878095238095238,0.02865260917995563,0
2021,Audi BKK,3,551983,741558,1.1,audi bkk,Audi BKK,0.0101921466032377,0.0097319104113575,738972.0,-0.0034994560010392,1.1,False,0.83,,1.230686274509804,0.0443537061785443,0
2023,Audi BKK,1,562737,746898,1.25,audi bkk,Audi BKK,0.0101936085088315,0.0098107745544122,746898.0,0.0,1.25,False,0.85,Audi BKK,1.4433272837265578,0.03689498683424905,0
2023,IKK classic,2,2430357,3061379,1.6,ikk classic,IKK classic,0.0413706917795445,0.0419924685425338,3061379.0,0.0,1.6,False,1.04,IKK classic,1.4433272837265578,0.00978594632255427,0
2016,BARMER,2,7569245,9528033,1.1,barmer,BARMER,0.1343575263236015,0.1385215612948613,9597004.0,0.0071867220228312,1.1,False,1.044031742647722,,0.967512990653364,0.0018157978603305061,0
2021,BARMER,2,7171039,8804461,1.5,barmer,BARMER,0.1208854575681701,0.1261349083294513,8840550.0,0.0040822120795651,1.5,False,1.11,,1.2246601941747572,0.0014125623596489534,0
2024,BARMER,1,7108403,8625352,2.19,barmer,BARMER,0.1152228533999455,0.1209589921400693,8625352.0,0.0,2.19,False,1.15,Barmer,1.6360739436619718,0.000664154238700233,0
2024,BARMER,1,7108403,8625352,2.19,barmer,BARMER,0.1152228533999455,0.1209589921400693,8625352.0,0.0,2.19,False,1.15,Barmer,1.6360739436619718,0.000664154238700233,0
2016,Bertelsmann BKK,2,35000,48266,1.05,bertelsmann bkk,Bertelsmann BKK,0.0006846908950294,0.0006445472583325,47530.0,-0.0154849568693456,1.05,False,0.7594529040028013,,0.967512990653364,0.06191744648887559,0
2017,Bertelsmann BKK,2,35432,48621,1.28,bertelsmann bkk,Bertelsmann BKK,0.0006809440539852,0.0006417080576842,49082.0,0.0093924452956277,1.28,False,0.7752658634362549,,1.033628920873869,0.04755351624551757,0
2020,Bertelsmann BKK,2,35459,47640,1.25,bertelsmann bkk,Bertelsmann BKK,0.0006572312794129,0.0006283570638437,47931.0,0.0060712273893722,1.25,False,0.8196391881011196,,1.0878095238095238,0.04760092438899889,0
2023,Bertelsmann BKK,3,36592,47879,1.4,bertelsmann bkk,Bertelsmann BKK,0.0006498367282164,0.0006348985749548,47909.0,0.0006261871464651,1.4,False,0.87,,1.44302480338778,0.038843177852065154,0
2016,AOK Bayern,4,3457661,4411593,1.1,aok bayern,AOK Bayern,0.0618759088148215,0.0625620480242819,4394102.0,-0.003980563036543,1.1,False,1.042804999786472,,0.969799426470914,0.010959877193606768,0
2024,IKK classic,3,2408375,3017358,2.19,ikk classic,IKK classic,0.0407390517203044,0.0414564541516344,3017358.0,0.0,2.19,False,1.05,IKK classic,1.7955281690140843,0.005002116188418544,0
2021,BKK Miele,4,27332,36667,1.3,bkk miele,BKK Miele,0.0005025308445475,0.0004773708067465,36546.0,-0.0033108958572757,1.3,False,0.88,,1.2483333333333333,0.04325185502676474,0
2020,BKK ZF & Partner,3,77214,102856,1.5,bkk zf & partner,BKK ZF & Partner,0.0014147496551506,0.0013645256721713,102398.0,-0.0044727436082735,1.5,False,0.908073866356084,,1.0963809523809525,0.03316183222314197,0
2023,Betriebskrankenkasse Mobil,2,732000,957690,1.49,betriebskrankenkasse mobil,Betriebskrankenkasse Mobil,0.0129723792478874,0.0126933697819055,959439.0,0.0018229402807265,1.49,False,0.86,,1.4433272837265578,0.026043920116043274,0
2022,BARMER,2,7109983,8692196,1.5,barmer,BARMER,0.1191116223472322,0.1244952683183174,8672115.0,-0.0023155827615293,1.5,False,1.121050088418371,,1.2788659793814432,0.0014848365276126571,0
2016,BKK Achenbach Buschhütten,3,18591,26339,1.1,bkk achenbach buschhütten,BKK Achenbach Buschhütten,0.0003723784735406,0.000341293266224,26363.0,0.0009103668019572,1.1,False,0.7966029205443471,,0.969799426470914,0.05747742060829201,0
2019,BKK Achenbach Buschhütten,2,18843,25604,1.4,bkk achenbach buschhütten,BKK Achenbach Buschhütten,0.0003522822545331,0.0003337254735874,25780.0,0.0068269976726144,1.4,False,0.8552595412232494,,1.0014984709480124,0.039559213621704566,0
2016,BKK advita,2,29632,37572,1.1,bkk advita,BKK advita,0.000529049818425,0.0005421099242894,37589.0,0.0004522599696719,1.1,False,1.138417701400038,,0.967512990653364,0.044625418862962694,0
2016,BKK Aesculap,2,6773,9615,1.0,bkk aesculap,BKK Aesculap,0.0001366728496406,0.0001249757410515,9539.0,-0.0079672921689904,1.0,False,0.7131508976290638,,0.967512990653364,0.06841245447943649,0
2016,BKK B. Braun Aesculap,2,19592,26752,1.2,bkk b. braun aesculap,BKK B. Braun Aesculap,0.0003790540474646,0.0003604317188906,26631.0,-0.0045435770342833,1.2,False,0.7946729368690848,,0.967512990653364,0.05158190107533951,0
2017,BKK B. Braun Aesculap,2,20080,27258,1.3,bkk b. braun aesculap,BKK B. Braun Aesculap,0.0003828101192681,0.0003639557051734,27084.0,-0.0064244572441293,1.3,False,0.8002012497598532,,1.033628920873869,0.046006309926605295,0
2021,BKK B. Braun Aesculap,2,21501,28929,1.3,bkk b. braun aesculap,BKK B. Braun Aesculap,0.0003987964673181,0.0003796632288396,28895.0,-0.0011766741650804,1.3,False,0.8,,1.2246601941747572,0.04598551397468598,0
2022,BKK B. Braun Aesculap,3,21707,29169,1.5,bkk b. braun aesculap,BKK B. Braun Aesculap,0.0003996945238761,0.0003808506291202,29155.0,-0.0004801920768307,1.5,False,0.8247052773169643,,1.2661855670103093,0.036154588737470156,0
2023,BKK B. Braun Aesculap,4,22047,29370,1.75,bkk b. braun aesculap,BKK B. Braun Aesculap,0.0003973062701019,0.0003790188795282,29259.0,-0.0037937045011791,1.75,False,0.83,,1.4430127041742289,0.02720291738763912,0
2021,BKK Stadt Augsburg,1,12903,15326,2.7,bkk stadt augsburg,BKK Stadt Augsburg,0.0002079912072533,0.0002243440553201,15415.0,0.0057735971456373,2.7,False,1.2,,1.2246601941747572,0.006984896161313925,0
2016,BKK BPW Bergische Achsen,2,4532,6581,1.1,bkk bpw bergische achsen,BKK BPW Bergische Achsen,9.299229722037426e-05,8.306125015919008e-05,6596.0,0.002274105518496,1.1,False,0.8781671270198276,,0.967512990653364,0.05452641895039978,0
2017,BKK BPW Bergische Achsen,3,4546,6596,1.39,bkk bpw bergische achsen,BKK BPW Bergische Achsen,9.242990215970738e-05,8.220562041051275e-05,6586.0,-0.0015183723048891,1.39,False,0.8835896553813686,,1.0389386553871434,0.03942535866254637,0
2022,BKK BPW Bergische Achsen,2,4597,6487,1.6,bkk bpw bergische achsen,BKK BPW Bergische Achsen,8.908095587587054e-05,8.070867880076232e-05,6523.0,0.0055189330062854,1.6,False,0.8789915960162915,,1.2788659793814432,0.03128457504064044,0
2023,BKK BPW Bergische Achsen,3,4584,6429,1.8,bkk bpw bergische achsen,BKK BPW Bergische Achsen,8.752183313666441e-05,7.973426517621178e-05,6493.0,0.0098567688279685,1.8,False,0.95,,1.44302480338778,0.023681134368840714,0
2017,BKK Deutsche Bank AG,2,59497,80918,1.1,bkk deutsche bank ag,BKK Deutsche Bank AG,0.001128424369308,0.0010722926337271,81265.0,0.0042699809265981,1.1,False,0.8510810646149202,,1.033628920873869,0.05426416348883354,0
2020,BKK Deutsche Bank AG,2,59543,78993,1.3,bkk deutsche bank ag,BKK Deutsche Bank AG,0.0010868287340127,0.001053009371356,79471.0,0.0060147726843754,1.3,False,0.8842705333555156,,1.0878095238095238,0.04250567193976887,0
2023,BKK Deutsche Bank AG,1,60650,78637,1.6,bkk deutsche bank ag,BKK Deutsche Bank AG,0.0010655450943156,0.0010527898549714,78637.0,0.0,1.6,False,0.95,BKK Deutsche Bank AG,1.4433272837265578,0.028959842482182634,0
2024,BKK Deutsche Bank AG,1,60812,78090,1.9,bkk deutsche bank ag,BKK Deutsche Bank AG,0.0010492982020068,0.00104416861185,78090.0,0.0,1.9,False,0.97,BKK Deutsche Bank AG,1.6360739436619718,0.02032871170654745,0
2016,DAK Gesundheit,2,4790249,5945186,1.5,dak gesundheit,DAK Gesundheit,0.0840869404731169,0.0879273708334039,6129575.0,0.0300818572250115,1.5,False,1.123848256780286,,0.967512990653364,0.0035736919301293125,0
2016,BKK Diakonie,2,21529,28077,1.1,bkk diakonie,BKK Diakonie,0.0003992360151418,0.0003982699204375,27643.0,-0.0157001772600658,1.1,False,0.9068411162517146,,0.967512990653364,0.053033172498171466,0
2021,BKK Diakonie,2,26748,33749,1.4,bkk diakonie,BKK Diakonie,0.0004667015818491,0.0004738360293601,33580.0,-0.0050327575938058,1.4,False,0.92,,1.2246601941747572,0.03761311176889951,0
2023,BKK Diakonie,2,28093,35052,1.6,bkk diakonie,BKK Diakonie,0.0004758236878059,0.0004875225269973,35020.0,-0.0009137635636778,1.6,False,0.94,,1.4433272837265578,0.02960869475392824,0
2024,BKK Diakonie,2,28023,34810,1.8,bkk diakonie,BKK Diakonie,0.0004683641700447,0.0004812610715421,35089.0,0.0079512097808429,1.8,False,0.95,,1.651637323943662,0.023452725054631328,0
2024,BKK Diakonie,4,27815,34298,2.69,bkk diakonie,BKK Diakonie,0.0004683641700447,0.0004812610715421,34755.0,0.013149187167314,2.69,False,0.95,,2.0202699530516433,0.008493183660883334,0
2024,Kaufmännische Krankenkasse (KKH),4,1265482,1543628,3.28,kaufmännische krankenkasse (kkh),Kaufmännische Krankenkasse (KKH),0.0210185368501448,0.0217932204606422,1557907.0,0.0091655021769592,3.28,False,1.11,,2.0202699530516433,0.0022487142978604795,0
2016,BKK EUREGIO,2,40122,54579,0.7,bkk euregio,BKK EUREGIO,0.0007726870967549,0.0007380642820593,53052.0,-0.0287830807509613,0.7,False,0.7639173706435385,,0.967512990653364,0.08964978273543232,0
2019,BKK PwC,1,16951,24777,0.98,bkk pwc,BKK PwC,0.0003471473068944,0.0003048435138456,24440.0,-0.0137888707037643,0.99,False,0.6241442598479712,,0.9993577981651376,0.07412933347384436,0
2024,BKK EUREGIO,1,71999,91482,1.25,bkk euregio,BKK EUREGIO,0.0011653758627307,0.0011528939992648,91482.0,0.0,1.25,False,0.81,BKK Euregio,1.6360739436619718,0.047252706189982015,0
2024,BKK EUREGIO,3,68511,88274,1.79,bkk euregio,BKK EUREGIO,0.0011653758627307,0.0011528939992648,88274.0,0.0,1.79,False,0.81,BKK Euregio,1.7955281690140843,0.02587400366887041,0
2020,DAK Gesundheit,4,4583668,5595605,1.5,dak gesundheit,DAK Gesundheit,0.0771803990594771,0.0808639475637615,5616699.0,0.0037555866889074,1.5,False,1.153722293384072,,1.0963809523809525,0.004170606255207084,0
2016,BKK evm,3,1566,2006,1.1,bkk evm,BKK evm,2.828298127631357e-05,2.868026001315344e-05,2005.0,-0.0004987531172069,1.1,False,0.9899371664212174,,0.969799426470914,0.05033928749951127,0
2021,BKK evm,2,1641,2030,1.3,bkk evm,BKK evm,2.793747574951934e-05,2.892889950628608e-05,2039.0,0.0044139283962726,1.3,False,1.04,,1.2246601941747572,0.03888422738010185,0
2023,BKK evm,2,1719,2103,0.9,bkk evm,BKK evm,2.855918509231719e-05,2.977276423698425e-05,2089.0,-0.0067017711823839,0.9,False,1.07,,1.4433272837265578,0.05912293266114374,0
2024,BKK evm,2,1748,2142,1.3,bkk evm,BKK evm,2.921783027336138e-05,3.030153376096978e-05,2136.0,-0.0028089887640449,1.3,False,1.07,,1.651637323943662,0.038030316042201015,0
2023,IKK classic,2,2430357,3061379,1.6,ikk classic,IKK classic,0.0413706917795445,0.0419924685425338,3061379.0,0.0,1.6,False,1.04,IKK classic,1.4433272837265578,0.00978594632255427,0
2016,BKK EWE,2,9902,13896,0.9,bkk ewe,BKK EWE,0.0001966542221078,0.0001821169091848,13810.0,-0.0062273714699493,0.9,False,0.8262195581615064,,0.967512990653364,0.07018307481201243,0
2024,BKK24,2,92001,115666,1.89,bkk24,BKK24,0.001555660405655,0.0015698129434435,116600.0,0.0080102915951972,1.89,False,1.03,,1.651637323943662,0.019396335382814694,0
2020,BKK BPW Bergische Achsen,2,4626,6599,1.1,bkk bpw bergische achsen,BKK BPW Bergische Achsen,9.073987480915806e-05,8.154184680912603e-05,6578.0,-0.0031924597141988,1.1,False,0.8830194874507848,,1.0878095238095238,0.05433477770393871,0
2022,BKK exklusiv,2,21010,26989,1.29,bkk exklusiv,BKK exklusiv,0.0004073014984525,0.0004048361304175,26989.0,0.0,1.29,False,0.9550540143623718,,1.2788659793814432,0.04151543461288222,0
2023,BKK exklusiv,2,21010,28290,1.99,bkk exklusiv,BKK exklusiv,0.0004047376250072,0.0003988616224566,26989.0,-0.048204824187632,1.99,False,0.96,,1.4433272837265578,0.018816574350628057,0
2024,BKK Pfalz,3,120271,157172,2.38,bkk pfalz,BKK Pfalz,0.002124725661676,0.0020716044144648,157172.0,0.0,2.38,False,0.92,BKK Pfalz,1.7955281690140843,0.01188798596737222,0
2023,KRONES BKK,2,14728,20091,0.9,krones bkk,KRONES BKK,0.0002742956490324,0.0002570387745689,19755.0,-0.0170083523158694,0.9,False,0.73,,1.4433272837265578,0.07502224319651972,0
2019,R+V Betriebskrankenkasse,2,118971,158577,0.9,r+v betriebskrankenkasse,R+V Betriebskrankenkasse,0.0021912422794405,0.0021115135613818,157762.0,-0.0051660095587023,0.9,False,0.7442032432176996,,1.0014984709480124,0.07104110250598139,0
2022,BKK Stadt Augsburg,4,12343,14634,2.4,bkk stadt augsburg,BKK Stadt Augsburg,0.0002019644909231,0.0002174679627816,14738.0,0.0070565884109105,2.4,False,0.0,,1.2661855670103093,0.024438817367434893,0
2016,R+V Betriebskrankenkasse,2,115773,156961,1.0,r+v betriebskrankenkasse,R+V Betriebskrankenkasse,0.0022290630467875,0.0021350799300932,157207.0,0.0015648158160896,1.0,False,0.7047920298512784,,0.967512990653364,0.06560991380388838,0
2021,BKK Freudenberg,4,27933,36171,1.3,bkk freudenberg,BKK Freudenberg,0.0004994511228114,0.0004923540422355,36191.0,0.0005526235804481,1.3,False,0.89,,1.2483333333333333,0.04293995752327708,0
2023,BKK Freudenberg,4,28416,36767,1.5,bkk freudenberg,BKK Freudenberg,0.0004996094478495,0.0004916917519718,36786.0,0.0005165008427119,1.5,False,0.89,,1.4430127041742289,0.0343577919821595,0
2017,AOK Bayern,2,3496932,4467212,1.1,aok bayern,AOK Bayern,0.0627329821000777,0.0633996576232251,4419142.0,-0.0108776771599554,1.1,False,1.015120536013137,,1.033628920873869,0.011097171568834259,0
2016,BKK Gildemeister Seidensticker,2,127846,179465,1.2,bkk gildemeister seidensticker,BKK Gildemeister Seidensticker,0.0025474865116359,0.0023598059444984,183705.0,0.0230804822949838,1.2,False,0.7339693084872598,,0.967512990653364,0.05119863147075991,0
2020,BKK Gildemeister Seidensticker,4,130135,173991,1.2,bkk gildemeister seidensticker,BKK Gildemeister Seidensticker,0.0023940552142834,0.0022807034169142,174407.0,0.0023852253636608,1.2,False,0.7979370688592827,,1.0963809523809525,0.04901238637365806,0
2021,Betriebskrankenkasse Mobil,3,728412,972273,1.29,betriebskrankenkasse mobil,Betriebskrankenkasse Mobil,0.01342826045882,0.0128973475258453,976477.0,0.004305272935256,1.29,False,0.82,,1.230686274509804,0.033405604728982304,0
2024,BKK Gildemeister Seidensticker,3,143824,187363,1.99,bkk gildemeister seidensticker,BKK Gildemeister Seidensticker,0.002517622391516,0.0024595129367063,187363.0,0.0,1.99,False,0.86,BKK Gildemeister Seidensticker,1.7955281690140843,0.019211952586948817,0
2016,DAK Gesundheit,3,4765120,5910682,1.5,dak gesundheit,DAK Gesundheit,0.0840869404731169,0.0879273708334039,5945186.0,0.0058036872185327,1.5,False,1.123848256780286,,0.969799426470914,0.003808998097905364,0
2016,BKK Henschel Plus,4,15785,20924,1.2,bkk henschel plus,BKK Henschel Plus,0.0002957716759519,0.0002874606558106,20943.0,0.0009072243709115,1.2,False,0.9338821020005716,,0.969799426470914,0.046679182880636175,0
2017,BKK Henschel Plus,2,15583,20655,1.6,bkk henschel plus,BKK Henschel Plus,0.0002886338843137,0.0002812458662806,20818.0,0.0078297627053511,1.6,False,0.945097688747328,,1.033628920873869,0.029637765704195643,0
2016,BKK Herkules,2,24006,32840,1.1,bkk herkules,BKK Herkules,0.0004632396678804,0.0004398188248416,32909.0,0.0020966908748366,1.1,False,0.7947401939706408,,0.967512990653364,0.05743191014935891,0
2022,SECURVITA BKK,4,153517,221660,1.5,securvita bkk,SECURVITA BKK,0.0030505883476643,0.0026842099383321,222827.0,0.0052372468327446,1.5,False,0.760648203615386,,1.2661855670103093,0.03553295740762675,0
2019,BKK Herkules,4,24321,32290,1.7,bkk herkules,BKK Herkules,0.0004508539241236,0.000433335514779,32777.0,0.0148579796808737,1.7,False,0.845460187201362,,1.0157798165137617,0.028414430821298017,0
2020,BKK Herkules,2,23458,31052,2.2,bkk herkules,BKK Herkules,0.0004269699051624,0.0004140386444249,31948.0,0.0280455740578439,2.2,False,0.8706439969819323,,1.0878095238095238,0.01582303897961288,0
2017,IKK classic,2,2540514,3317155,1.4,ikk classic,IKK classic,0.0461201880770802,0.0456608732536303,3329029.0,0.0035668058163506,1.4,False,0.9433438191328276,,1.033628920873869,0.012081936155467503,0
2024,DAK Gesundheit,3,4503233,5499456,1.7,dak gesundheit,DAK Gesundheit,0.0741546145855555,0.0773464879747704,5496239.0,-0.000585309336075,1.7,False,1.17,,1.7955281690140843,0.003409044804187047,0
2023,BKK Verbund Plus,2,111529,144430,1.35,bkk verbund plus,BKK Verbund Plus,0.001956222813624,0.0019287768915222,147272.0,0.0192976261611168,1.35,False,0.82,,1.4433272837265578,0.04121996950766522,0
2020,BKK Karl Mayer,3,4734,6205,1.9,bkk karl mayer,BKK Karl Mayer,8.53609647044915e-05,8.346358979338436e-05,6205.0,0.0,1.9,False,0.958571467285676,,1.0963809523809525,0.021011574801333237,0
2023,BKK Karl Mayer,2,4730,6079,1.9,bkk karl mayer,BKK Karl Mayer,8.243650815583868e-05,8.182752750780685e-05,6079.0,0.0,1.9,False,0.0,,1.4433272837265578,0.04291799859939974,0
2019,Knappschaft,1,1315865,1568831,1.1,knappschaft,Knappschaft,0.0215863674229734,0.0231600774076138,1581217.0,0.0078332069538842,1.1,False,1.400145120290189,,0.9993577981651376,0.021864495431795458,0
2023,AOK Bayern,3,3647092,4665007,1.58,aok bayern,AOK Bayern,0.0631922823417326,0.0631539840395532,4665007.0,0.0,1.58,False,1.0,AOK Bayern,1.44302480338778,0.005942336955776228,0
2016,BKK Linde,2,68047,91142,1.1,bkk linde,BKK Linde,0.0013157090466488,0.0012744893364544,89540.0,-0.0178914451641724,1.1,False,0.7490259247544304,,0.967512990653364,0.05827571874258459,0
2023,SKD BKK,4,36396,47059,1.15,skd bkk,SKD BKK,0.0006396389565215,0.0006286360876487,47147.0,0.001866502640677,1.15,False,0.97,,1.4430127041742289,0.04762562984091611,0
2024,BKK Linde,1,154780,203979,1.5,bkk linde,BKK Linde,0.0029467713133451,0.0028420642056206,199243.0,-0.0237699693339289,1.5,False,0.67,BKK Linde,1.6360739436619718,0.038300018422979955,0
2017,IKK classic,4,2529894,3277358,1.4,ikk classic,IKK classic,0.0461201880770802,0.0456608732536303,3296691.0,0.0058643652074155,1.4,False,0.9433438191328276,,1.0383934648102429,0.012216651621274926,0
2016,BKK MAHLE,2,9654,12843,0.9,bkk mahle,BKK MAHLE,0.0001821175600746,0.0001778943852441,12684.0,-0.0125354777672658,0.9,False,0.9891774477080666,,0.967512990653364,0.062459180032007004,0
2021,BKK MAHLE,2,10897,14377,1.1,bkk mahle,BKK MAHLE,0.000197968362853,0.0001920386520417,14289.0,-0.006158583525789,1.1,False,0.91,,1.2246601941747572,0.053144130277870925,0
2023,BKK MAHLE,2,11109,14627,1.5,bkk mahle,BKK MAHLE,0.0002010781349987,0.0001941860005567,14565.0,-0.0042567799519395,1.5,False,0.0,,1.4433272837265578,0.06635024140785796,0
2024,BKK MAHLE,3,11170,14743,2.2,bkk mahle,BKK MAHLE,0.0001998070231878,0.0001930401539495,14701.0,-0.0028569485069042,2.2,False,0.86,,1.7955281690140843,0.016045194234033965,0
2025,BKK VDN,1,24171,30786,3.19,bkk vdn,BKK VDN,0.000416277983693,0.0004145491226174,30910.0,0.004011646716273,3.19,False,0.9830082428691236,,2.9382978723404256,0.004663866210696939,0
2022,BARMER,2,7109983,8692196,1.5,barmer,BARMER,0.1191116223472322,0.1244952683183174,8672115.0,-0.0023155827615293,1.5,False,1.121050088418371,,1.2788659793814432,0.0014848365276126571,0
2017,BKK MEM,3,1951,2216,0.6,bkk mem,BKK MEM,3.090310513562163e-05,3.50431845167268e-05,2210.0,-0.0027149321266968,0.6,False,1.075744296659926,,1.0389386553871434,0.08135264896147763,0
2017,BKK Pfalz,4,140281,189803,1.42835927683496,bkk pfalz,BKK Pfalz,0.0026875642591093,0.002551440061176,191648.0,0.0096270245449991,1.42835927683496,False,0.7958887906869777,,1.0383934648102429,0.03789201633734263,0
2017,BKK Merck,2,22089,30271,1.7,bkk merck,BKK Merck,0.000425434610122,0.0004011778338456,30189.0,-0.0027162211401503,1.7,False,0.8382835766893809,,1.033628920873869,0.02859205606377964,0
2023,BKK Merck,2,24463,33052,1.4,bkk merck,BKK Merck,0.0004508445715,0.0004253474458423,32942.0,-0.0033392022342298,1.4,False,0.84,,1.4433272837265578,0.03991190206504191,0
2022,Knappschaft,1,1221027,1454664,1.6,knappschaft,Knappschaft,0.0197074957516466,0.0211259334113744,1465790.0,0.0075904461075597,1.6,False,1.397874948233227,,1.2747422680412372,0.01289152179504274,0
2024,IKK classic,4,2412658,3002201,2.19,ikk classic,IKK classic,0.0407390517203044,0.0414564541516344,3002201.0,0.0,2.19,False,1.05,IKK classic,2.0202699530516433,0.005028369676328943,0
2016,BKK Miele,2,24728,34256,0.9,bkk miele,BKK Miele,0.0004848894150251,0.0004543508877545,34081.0,-0.0051348258560488,0.9,False,0.8578149951923061,,0.967512990653364,0.0681663938805501,0
2017,BKK Miele,2,25224,34726,1.1,bkk miele,BKK Miele,0.0004867099352236,0.0004567859293172,34575.0,-0.0043673174258857,1.1,False,0.8617635700555516,,1.033628920873869,0.05467595144155755,0
2021,BKK Miele,2,27023,36459,1.3,bkk miele,BKK Miele,0.0005025308445475,0.0004773708067465,36351.0,-0.0029710324337707,1.3,False,0.88,,1.2246601941747572,0.04325465605024395,0
2023,BKK Miele,2,27853,37261,1.4,bkk miele,BKK Miele,0.0005062407116245,0.0004836646964192,37242.0,-0.0005101766822404,1.4,False,0.9,,1.4433272837265578,0.03812691788688015,0
2024,AOK NordWest,1,2217894,2954414,1.89,aok nordwest,AOK NORDWEST,0.040082049841001,0.0382731129398794,2954414.0,0.0,1.89,False,1.02,AOK Nordwest,1.6360739436619718,0.00738839009837894,0
2023,BKK PFAFF,2,35768,46005,0.8,bkk pfaff,BKK PFAFF,0.0006232303079167,0.0006203495367658,45599.0,-0.0089037040285971,0.8,False,0.9,,1.4433272837265578,0.07338771401229004,0
2021,Continentale Betriebskrankenkasse,4,70426,90233,1.4,continentale betriebskrankenkasse,Continentale Betriebskrankenkasse,0.0012423514991153,0.0012354310755113,90279.0,0.0005095315632649,1.4,False,0.89,,1.2483333333333333,0.03773560679115045,0
2024,BKK PFAFF,4,33944,43076,1.8,bkk pfaff,BKK PFAFF,0.0005972660423807,0.0005956776798757,44342.0,0.0285508096161652,1.8,False,0.91,,2.0202699530516433,0.024091674780609532,0
2022,AOK Bayern,4,3645272,4640434,1.3,aok bayern,AOK Bayern,0.0631170655753531,0.0631665251775396,4619788.0,-0.0044690362414898,1.3,False,1.011747686846629,,1.2661855670103093,0.008254941600512374,0
2016,BKK Pfalz,2,150914,205511,1.393878343543905,bkk pfalz,BKK Pfalz,0.002876650170472,0.0027301084985752,213192.0,0.0360285564186273,1.393878343543905,False,0.7758716493797849,,0.967512990653364,0.03967566758807084,0
2024,TUI BKK,2,12896,17372,1.5,tui bkk,TUI BKK,0.0002352029249357,0.0002226221080541,17296.0,-0.0043940795559666,1.5,False,0.77,,1.651637323943662,0.03779824332525007,0
2023,BKK Pfalz,1,124025,163559,1.55,bkk pfalz,BKK Pfalz,0.0022070174808117,0.002140161787636,163559.0,0.0,1.55,False,0.91,BKK Pfalz,1.4433272837265578,0.030671630382100665,0
2024,BKK Pfalz,1,123101,160846,1.98,bkk pfalz,BKK Pfalz,0.002124725661676,0.0020716044144648,160846.0,0.0,1.98,False,0.92,BKK Pfalz,1.6360739436619718,0.018740432610115012,0
2024,BKK Karl Mayer,3,4730,6079,2.3,bkk karl mayer,BKK Karl Mayer,8.219367107799437e-05,8.142611901453643e-05,6079.0,0.0,2.3,False,1.11,,1.7955281690140843,0.011877188562197981,0
2024,BKK Pfalz,4,119306,154925,3.9,bkk pfalz,BKK Pfalz,0.002124725661676,0.0020716044144648,154925.0,0.0,3.9,False,0.92,BKK Pfalz,2.0202699530516433,0.0020653925435413414,0
2016,BKK ProVita,2,89529,119836,0.9,bkk provita,BKK ProVita,0.0016982631836128,0.0016472595993278,118727.0,-0.0093407565254744,0.9,False,0.8480673339456243,,0.967512990653364,0.06678909093956664,0
2017,BKK ProVita,2,89808,119498,1.3,bkk provita,BKK ProVita,0.0016788544955459,0.0016298682360865,120623.0,0.009326579508054,1.3,False,0.8621560877704627,,1.033628920873869,0.0426162659962865,0
2023,BKK ProVita,1,97303,124827,1.49,bkk provita,BKK ProVita,0.0016856428420442,0.0016793326802886,124827.0,0.0,1.49,False,0.92,BKK ProVita,1.4433272837265578,0.03299016643930492,0
2024,AOK PLUS,1,2767970,3492839,1.8,aok plus,AOK PLUS,0.0473252310634484,0.0476603531964127,3492839.0,0.0,1.8,False,1.07,AOK Plus,1.6360739436619718,0.006551476537528186,0
2018,BKK Public,2,3364,4569,1.0,bkk public,BKK Public,6.37944502731047e-05,6.084141799168695e-05,4479.0,-0.0200937709310113,1.0,False,1.033542386621229,,1.0308198017481949,0.054379841253776935,0
2019,BKK Public,2,3541,4711,1.1,bkk public,BKK Public,6.53049389207365e-05,6.294604698170556e-05,4668.0,-0.0092116538131962,1.1,False,1.052885562977734,,1.0014984709480124,0.04803362152251199,0
2022,BKK Public,4,3802,4969,1.3,bkk public,BKK Public,6.810704935495062e-05,6.629641472919763e-05,4964.0,-0.0010072522159548,1.3,False,1.054206088888552,,1.2661855670103093,0.038440643998086374,0
2023,BKK Public,2,3855,5048,1.5,bkk public,BKK Public,6.823828080937329e-05,6.675949865806057e-05,4989.0,-0.0118260172379234,1.5,False,1.05,,1.4433272837265578,0.03083120930843384,0
2017,IKK classic,4,2529894,3277358,1.4,ikk classic,IKK classic,0.0461201880770802,0.0456608732536303,3296691.0,0.0058643652074155,1.4,False,0.9433438191328276,,1.0383934648102429,0.012216651621274926,0
2019,BKK PwC,1,16951,24777,0.98,bkk pwc,BKK PwC,0.0003471473068944,0.0003048435138456,24440.0,-0.0137888707037643,0.99,False,0.6241442598479712,,0.9993577981651376,0.07412933347384436,0
2018,BKK Diakonie,1,23515,30193,1.1,bkk diakonie,BKK Diakonie,0.0004267423242144,0.0004277255047505,29936.0,-0.0085849812934259,1.1,False,0.8993970782723584,,1.0326379835663764,0.05328110126002779,0
2022,BKK PwC,2,18916,27305,1.48,bkk pwc,BKK PwC,0.0003761621564815,0.0003331067288686,27260.0,-0.0016507703595011,1.48,False,0.6741114592993079,,1.2788659793814432,0.041346336686798935,0
2020,BKK Karl Mayer,3,4734,6205,1.9,bkk karl mayer,BKK Karl Mayer,8.53609647044915e-05,8.346358979338436e-05,6205.0,0.0,1.9,False,0.958571467285676,,1.0963809523809525,0.021011574801333237,0
2018,BKK Rieker.RICOSTA.Weisser,3,2382,3093,0.7,bkk rieker.ricosta.weisser,BKK Rieker.Ricosta.Weisser,4.295003289079979e-05,4.268166259229356e-05,3084.0,-0.0029182879377431,0.7,False,0.9317431362213598,,1.0345470744754677,0.08094520370886442,0
2020,BKK Rieker.RICOSTA.Weisser,3,2445,3161,0.9,bkk rieker.ricosta.weisser,BKK Rieker.Ricosta.Weisser,4.340271452742477e-05,4.31422484631203e-05,3141.0,-0.0063673989175421,0.9,False,0.88175702904913,,1.0963809523809525,0.06768122141642818,0
2021,BKK Rieker.RICOSTA.Weisser,2,2449,3168,1.3,bkk rieker.ricosta.weisser,BKK Rieker.Ricosta.Weisser,4.36110595853717e-05,4.30504230950689e-05,3148.0,-0.0063532401524777,1.3,False,0.9,,1.2246601941747572,0.043095695171314154,0
2022,BKK Rieker.RICOSTA.Weisser,2,2420,3115,2.2,bkk rieker.ricosta.weisser,BKK Rieker.Ricosta.Weisser,4.287816245046508e-05,4.241572989788981e-05,3174.0,0.018588531821046,2.2,False,0.9022315387752112,,1.2788659793814432,0.015602007620630695,0
2024,BKK Rieker.RICOSTA.Weisser,4,2423,3104,2.9,bkk rieker.ricosta.weisser,BKK Rieker.Ricosta.Weisser,4.215462448311799e-05,4.161855926628821e-05,3127.0,0.0073552926127278,2.9,False,0.88,,2.0202699530516433,0.007114661485989148,0
2024,Kaufmännische Krankenkasse (KKH),4,1265482,1543628,3.28,kaufmännische krankenkasse (kkh),Kaufmännische Krankenkasse (KKH),0.0210185368501448,0.0217932204606422,1557907.0,0.0091655021769592,3.28,False,1.11,,2.0202699530516433,0.0022487142978604795,0
2017,BKK RWE,2,43440,58306,1.3,bkk rwe,BKK RWE,0.0008164874201813,0.0007870670429972,58994.0,0.0116622029358917,1.3,False,0.939228686876135,,1.033628920873869,0.04109844876646951,0
2020,BKK RWE,2,42905,55458,1.4,bkk rwe,BKK RWE,0.0007712339086644,0.0007601110576176,57243.0,0.0311828520517792,1.4,False,0.9904010178798864,,1.0878095238095238,0.035420854099022035,0
2017,BKK Salzgitter,3,45226,58887,1.1,bkk salzgitter,BKK Salzgitter,0.0008243948150759,0.0008182025342764,59133.0,0.0041601136421287,1.1,False,1.08879233800362,,1.0389386553871434,0.04595125888146934,0
2021,BKK Salzgitter,3,45136,57593,1.2,bkk salzgitter,BKK Salzgitter,0.0007923409091755,0.0007957821468443,57765.0,0.0029775815805418,1.2,False,1.12,,1.230686274509804,0.040214054071738815,0
2023,BKK Salzgitter,3,44593,56638,1.6,bkk salzgitter,BKK Salzgitter,0.0007693350848325,0.0007744897630014,56825.0,0.0032908051033875,1.6,False,1.12,,1.44302480338778,0.025691773969878654,0
2024,AOK PLUS,4,2776009,3499833,1.8,aok plus,AOK PLUS,0.0473252310634484,0.0476603531964127,3499833.0,0.0,1.8,False,1.07,AOK Plus,2.0202699530516433,0.006535694743478072,0
2017,BKK SBH,2,17001,22834,0.7,bkk sbh,BKK SBH,0.0003213531755558,0.0003094460856811,22686.0,-0.0065238473067089,0.7,False,0.7807545939104017,,1.033628920873869,0.08945397569685103,0
2021,BKK SBH,2,19985,26221,0.98,bkk sbh,BKK SBH,0.0003635309036875,0.0003549549590485,25435.0,-0.030902299980342,0.98,False,0.78,,1.2246601941747572,0.06629370750951637,0
2022,R+V Betriebskrankenkasse,2,121374,158867,1.2,r+v betriebskrankenkasse,R+V Betriebskrankenkasse,0.0021845698643237,0.0021358625965838,157064.0,-0.011479396933734,1.2,False,0.8088359896115932,,1.2788659793814432,0.0489026185050257,0
2022,AOK PLUS,2,2730757,3437182,1.2,aok plus,AOK PLUS,0.047299552243694,0.0479565029834391,3423479.0,-0.004002653441134,1.2,False,1.050528103266891,,1.2788659793814432,0.013554825077507049,0
2018,BKK Scheufelen,2,57940,80702,0.6,bkk scheufelen,BKK Scheufelen,0.0011342051764067,0.0010507708516771,77819.0,-0.0370475076780734,0.6,False,0.6548880225717173,,1.0308198017481949,0.10651318132892518,0
2016,BKK Verbund Plus,3,70772,94505,0.8,bkk verbund plus,BKK Verbund Plus,0.0013293001199867,0.00129192781195,93967.0,-0.0057254142411697,0.8,False,0.8260338799893728,,0.969799426470914,0.07615921167543438,0
2022,BKK Scheufelen,3,64250,87419,1.1,bkk scheufelen,BKK Scheufelen,0.0011958136670893,0.001123999372883,87098.0,-0.0036855036855036,1.1,False,0.7095538729607136,,1.2661855670103093,0.06001105998541243,0
2023,BKK Scheufelen,1,64203,86853,1.4,bkk scheufelen,BKK Scheufelen,0.0011771510265615,0.0011119028912281,86853.0,0.0,1.4,False,0.69,BKK Scheufelen,1.4433272837265578,0.04378187371864218,0
2024,BKK Scheufelen,1,63618,85535,1.85,bkk scheufelen,BKK Scheufelen,0.0010960630888042,0.0010286614981061,85535.0,0.0,1.85,False,0.69,BKK Scheufelen,1.6360739436619718,0.0264776004200321,0
2025,BKK Scheufelen,1,56084,74885,2.75,bkk scheufelen,BKK Scheufelen,0.0009806841971637,0.0009466021293278,79609.0,0.0593400243691039,2.75,False,0.6902595726203624,,2.9382978723404256,0.009514385925026412,0
2016,BKK Stadt Augsburg,2,13330,16129,1.3,bkk stadt augsburg,BKK Stadt Augsburg,0.0002275622705086,0.0002442117742356,16175.0,0.0028438948995363,1.3,False,1.160177318449396,,0.967512990653364,0.03540732949368965,0
2019,BKK Stadt Augsburg,2,13403,16012,1.5,bkk stadt augsburg,BKK Stadt Augsburg,0.0002212996788791,0.0002375466021386,16037.0,0.0015588950551848,1.5,False,1.160012572982426,,1.0014984709480124,0.028296647776248084,0
2020,BKK Stadt Augsburg,2,13111,15606,2.7,bkk stadt augsburg,BKK Stadt Augsburg,0.0002147574568898,0.0002311204475288,15976.0,0.0231597396094141,2.7,False,1.16424489951114,,1.0878095238095238,0.007176740436375924,0
2018,BKK Technoform,4,12907,16467,1.3,bkk technoform,BKK Technoform,0.0002296073555669,0.0002306413683797,16465.0,-0.0001214697843911,1.3,False,0.992399313338102,,1.0327288926572855,0.04008181339609957,0
2020,BKK Technoform,4,12313,15509,1.9,bkk technoform,BKK Technoform,0.000220851720768,0.0002236097822875,16144.0,0.0393334985133795,1.9,False,0.9918775048062878,,1.0963809523809525,0.02042224398984359,0
2025,BKK Scheufelen,1,56084,74885,2.75,bkk scheufelen,BKK Scheufelen,0.0009806841971637,0.0009466021293278,79609.0,0.0593400243691039,2.75,False,0.6902595726203624,,2.9382978723404256,0.009514385925026412,0
2024,BKK Textilgruppe Hof,2,6165,7667,1.3,bkk textilgruppe hof,BKK Textilgruppe Hof,0.0001017083635683,0.0001050749839185,7653.0,-0.001829347968117,1.3,False,1.02,,1.651637323943662,0.03938904105666808,0
2024,BKK Textilgruppe Hof,4,5929,7337,2.8,bkk textilgruppe hof,BKK Textilgruppe Hof,0.0001017083635683,0.0001050749839185,7641.0,0.0397853684072765,2.8,False,1.02,,2.0202699530516433,0.007161931458404049,0
2016,BKK VDN,2,23517,32619,0.9,bkk vdn,BKK VDN,0.0004597819181735,0.0004308619558763,32372.0,-0.0076300506610651,0.9,False,0.7840139430815565,,0.967512990653364,0.07189872833363142,0
2017,BKK VDN,2,23083,31687,1.3,bkk vdn,BKK VDN,0.0004453707453067,0.0004195097772362,32372.0,0.0211602619547757,1.3,False,0.8127493519707844,,1.033628920873869,0.045505047714151994,0
2023,BKK VDN,2,23793,30825,1.5,bkk vdn,BKK VDN,0.0004175797656921,0.0004123726793242,30707.0,-0.0038427720063829,1.5,False,0.94,,1.4433272837265578,0.03317288369490847,0
2024,BKK VDN,3,23995,30822,1.69,bkk vdn,BKK VDN,0.0004166415787221,0.0004138581484153,30733.0,-0.0028959099339472,1.69,False,0.97,,1.7955281690140843,0.026199519787218174,0
2025,BKK VDN,1,24171,30786,3.19,bkk vdn,BKK VDN,0.000416277983693,0.0004145491226174,30910.0,0.004011646716273,3.19,False,0.9830082428691236,,2.9382978723404256,0.004663866210696939,0
2016,BKK Verbund Plus,2,70346,93967,0.8,bkk verbund plus,BKK Verbund Plus,0.0013293001199867,0.00129192781195,92893.0,-0.0115616892553798,0.8,False,0.8260338799893728,,0.967512990653364,0.07618544533144508,0
2021,BKK Verbund Plus,3,114354,148734,1.1,bkk verbund plus,BKK Verbund Plus,0.0020469150539313,0.0020167399796239,147888.0,-0.0057205452775073,1.1,False,0.78,,1.230686274509804,0.05590418889592391,0
2023,BKK Verbund Plus,2,111529,144430,1.35,bkk verbund plus,BKK Verbund Plus,0.001956222813624,0.0019287768915222,147272.0,0.0192976261611168,1.35,False,0.82,,1.4433272837265578,0.04121996950766522,0
2024,BKK Verbund Plus,4,108388,139497,1.55,bkk verbund plus,BKK Verbund Plus,0.0018994978362546,0.0018703011448436,141003.0,0.0106806238165145,1.55,False,0.83,,2.0202699530516433,0.03280104041774505,0
2024,AOK NordWest,1,2217894,2954414,1.89,aok nordwest,AOK NORDWEST,0.040082049841001,0.0382731129398794,2956789.0,0.0008032362133381,1.89,False,1.02,AOK Nordwest,1.6360739436619718,0.00738234667848909,0
2016,BKK Vital,2,9119,11931,1.3,bkk vital,BKK Vital,0.0001682301081904,0.0001671278631614,12052.0,0.010039827414537,1.3,False,1.159515009595104,,0.967512990653364,0.03547365468108681,0
2017,BKK Vital,2,9052,11726,1.8,bkk vital,BKK Vital,0.0001630795417034,0.0001630291419455,11858.0,0.0111317254174397,1.8,False,1.167251847784138,,1.033628920873869,0.020075740328926492,0
2024,BKK Voralb HELLER*INDEX*LEUZE,2,10096,13245,1.4,bkk voralb heller*index*leuze,BKK Voralb HELLER*INDEX*LEUZE,0.0001797136611657,0.0001743448547424,13169.0,-0.005771129166983,1.4,False,0.82,,1.651637323943662,0.040772747826206095,0
2023,AOK Niedersachsen,2,2280121,3011725,1.5,aok niedersachsen,AOK Niedersachsen,0.0409968051260876,0.0396410602562936,3011725.0,0.0,1.5,False,0.97,AOK Niedersachsen,1.4433272837265578,0.011773208934810127,0
2024,Kaufmännische Krankenkasse (KKH),4,1265482,1543628,3.28,kaufmännische krankenkasse (kkh),Kaufmännische Krankenkasse (KKH),0.0210185368501448,0.0217932204606422,1557907.0,0.0091655021769592,3.28,False,1.11,,2.0202699530516433,0.0022487142978604795,0
2016,BKK Wirtschaft und Finanzen,2,17175,24114,1.1,bkk wirtschaft und finanzen,BKK Wirtschaft und Finanzen,0.0003450551942238,0.0003184075520517,23833.0,-0.0117903746905551,1.1,False,0.6392031445940235,,0.967512990653364,0.06444641312970559,0
2019,BKK Wirtschaft und Finanzen,3,19115,27073,1.39,bkk wirtschaft und finanzen,BKK Wirtschaft und Finanzen,0.0003755689660019,0.0003404993808631,27157.0,0.0030931251611002,1.39,False,0.6689120263093478,,1.0157798165137617,0.04585851199576898,0
2023,SECURVITA BKK,4,154215,219713,1.6,securvita bkk,SECURVITA BKK,0.0029936291097124,0.0026662972197913,220520.0,0.0036595320152367,1.6,False,0.76,,1.4430127041742289,0.031809516555352475,0
2024,BKK Wirtschaft und Finanzen,3,23539,33115,1.99,bkk wirtschaft und finanzen,BKK Wirtschaft und Finanzen,0.0004483340834479,0.0004022622427561,32925.0,-0.0057706909643128,1.99,False,0.72,,1.7955281690140843,0.02249729347766447,0
2020,BKK Stadt Augsburg,2,13111,15606,2.7,bkk stadt augsburg,BKK Stadt Augsburg,0.0002147574568898,0.0002311204475288,15976.0,0.0231597396094141,2.7,False,1.16424489951114,,1.0878095238095238,0.007176740436375924,0
2024,Kaufmännische Krankenkasse (KKH),4,1265482,1543628,3.28,kaufmännische krankenkasse (kkh),Kaufmännische Krankenkasse (KKH),0.0210185368501448,0.0217932204606422,1557907.0,0.0091655021769592,3.28,False,1.11,,2.0202699530516433,0.0022487142978604795,0
2022,BKK Würth,2,13738,18400,0.9,bkk würth,BKK Würth,0.0002525351380059,0.0002409730552765,18206.0,-0.0106558277490937,0.9,False,0.7071896748970845,,1.2788659793814432,0.07628591696561066,0
2023,BKK Würth,2,14052,18746,0.98,bkk würth,BKK Würth,0.0002553511183705,0.0002441851058716,18492.0,-0.0137356694786934,0.98,False,0.7,,1.4433272837265578,0.07036048647184558,0
2024,BKK Würth,2,14409,19138,1.29,bkk würth,BKK Würth,0.0002598175846754,0.0002493739450411,18969.0,-0.0089092730244082,1.29,False,0.7,,1.651637323943662,0.05018946431418106,0
2021,AOK NordWest,4,2189567,2899778,1.3,aok nordwest,AOK NORDWEST,0.0398395966004908,0.038366755128194,2901412.0,0.0005631740683501,1.3,False,1.04,,1.2483333333333333,0.014572982795440885,0
2020,EY BKK,2,10839,15449,0.94,ey bkk,EY BKK,0.0002139595622963,0.000191786423695,15317.0,-0.0086178755630998,0.94,False,0.5743654929601989,,1.0878095238095238,0.08038295097711047,0
2017,BKK ZF & Partner,2,73726,99773,0.9500000000000002,bkk zf & partner,BKK ZF & Partner,0.0014028081780166,0.0013403207726515,99308.0,-0.0046824022233858,0.9500000000000002,False,0.9020278803635232,,1.033628920873869,0.061240456859517386,0
2018,BKK ZF & Partner,3,75440,101434,1.2,bkk zf & partner,BKK ZF & Partner,0.0014081484968712,0.0013492929936744,101334.0,-0.0009868356129235,1.2,False,0.902566990891408,,1.0345470744754677,0.04650885866933652,0
2020,BKK ZF & Partner,4,77731,102827,1.5,bkk zf & partner,BKK ZF & Partner,0.0014147496551506,0.0013645256721713,102856.0,0.0002819475771953,1.5,False,0.908073866356084,,1.0963809523809525,0.033156735490002136,0
2021,BKK ZF & Partner,2,76512,101240,1.8,bkk zf & partner,BKK ZF & Partner,0.001393010386548,0.0013485439518787,102581.0,0.0130725962897612,1.8,False,0.92,,1.2246601941747572,0.023444306539452186,0
2024,BKK ZF & Partner,2,76486,99981,1.69,bkk zf & partner,BKK ZF & Partner,0.001344706895039,0.0013113495711635,100340.0,0.0035778353597767,1.69,False,0.95,,1.651637323943662,0.025976234992325088,0
2024,BKK ZF & Partner,4,75861,98619,2.1,bkk zf & partner,BKK ZF & Partner,0.001344706895039,0.0013113495711635,99763.0,0.0114671772099876,2.1,False,0.95,,2.0202699530516433,0.016318103164180753,0
2024,Knappschaft,3,1122659,1336136,2.7,knappschaft,Knappschaft,0.0180884172315154,0.0193311700588317,1336136.0,0.0,2.7,False,1.45,KNAPPSCHAFT,1.7955281690140843,0.0036564747396388834,0
2016,BKK24,3,97768,129796,1.1,bkk24,BKK24,0.0018331295354473,0.0017906060614203,129894.0,0.0007544613300075,1.1,False,0.8901227955335207,,0.969799426470914,0.05190752801317646,0
2024,IKK gesund plus,4,357579,439508,2.39,ikk gesund plus,IKK gesund plus,0.0059604357200302,0.0061289560286011,439508.0,0.0,2.39,False,0.98,IKK gesund plus,2.0202699530516433,0.010191344181807982,0
2023,BKK24,2,93455,118366,1.79,bkk24,BKK24,0.0016012942516956,0.0016171748988223,118843.0,0.0040136987454035,1.79,False,1.0,,1.4433272837265578,0.022205577009192894,0
2024,BKK24,2,92001,115666,1.89,bkk24,BKK24,0.001555660405655,0.0015698129434435,116600.0,0.0080102915951972,1.89,False,1.03,,1.651637323943662,0.019396335382814694,0
2022,AOK NordWest,4,2212035,2934331,1.7,aok nordwest,AOK NORDWEST,0.0398985132452083,0.0383755442780608,2911893.0,-0.0077056402827988,1.7,False,1.042417432381955,,1.2661855670103093,0.00916831338135373,0
2019,DAK Gesundheit,3,4609837,5658987,1.5,dak gesundheit,DAK Gesundheit,0.0780924493322569,0.081654836046453,5668000.0,0.0015901552575864,1.5,False,1.154017395648864,,1.0157798165137617,0.0040963734685813494,0
2020,Audi BKK,3,546929,738302,0.7,audi bkk,Audi BKK,0.0101391492496731,0.0096533910380082,735052.0,-0.0044214558969977,0.7,False,0.8089053070084944,,1.0963809523809525,0.0698349704944895,0
2024,BMW BKK,1,161953,222138,0.9,bmw bkk,BMW BKK,0.0030854850745766,0.0028622158789649,222138.0,0.0,0.9,False,0.8,BMW BKK,1.6360739436619718,0.06685468840706398,0
2024,BKK Public,4,4109,5302,1.2,bkk public,BKK Public,7.007003155675563e-05,6.940672867712643e-05,5154.0,-0.0287155607295304,1.2,False,1.05,,2.0202699530516433,0.04308966322970904,0
2021,BKK Stadt Augsburg,4,12666,14978,2.7,bkk stadt augsburg,BKK Stadt Augsburg,0.0002079912072533,0.0002243440553201,15105.0,0.0084078119827871,2.7,False,1.2,,1.2483333333333333,0.006985642553159072,0
2016,Bosch BKK,2,156551,214905,0.9,bosch bkk,Bosch BKK,0.0030493965231776,0.0028846601865364,212952.0,-0.0091710808069424,0.9,False,0.8686206520365717,,0.967512990653364,0.06382866429680588,0
2021,Bosch BKK,3,171641,228748,1.2,bosch bkk,Bosch BKK,0.0031434884746154,0.0030227798301139,228422.0,-0.0014271830208999,1.2,False,0.89,,1.230686274509804,0.04500462799874806,0
2023,Bosch BKK,1,174362,229867,1.5,bosch bkk,Bosch BKK,0.00313043113213,0.0030333447147455,229867.0,0.0,1.5,False,0.88,Bosch BKK,1.4433272837265578,0.03244272844190316,0
2024,BKK Diakonie,4,27815,34298,2.69,bkk diakonie,BKK Diakonie,0.0004683641700447,0.0004812610715421,34755.0,0.013149187167314,2.69,False,0.95,,2.0202699530516433,0.008493183660883334,0
2018,Brandenburgische BKK,2,10408,12203,1.5,brandenburgische bkk,Brandenburgische BKK,0.0001703587622761,0.0001866231192761,12195.0,-0.0006560065600656,1.5,False,1.146165409333927,,1.0308198017481949,0.0286278394155723,0
2019,Brandenburgische BKK,4,10574,12446,2.5,brandenburgische bkk,Brandenburgische BKK,0.0001711235104207,0.0001860083102294,12430.0,-0.0012872083668543,2.5,False,1.170293838394654,,1.0157798165137617,0.009000522910597575,0
2016,Continentale Betriebskrankenkasse,2,66061,87458,1.1,continentale betriebskrankenkasse,Continentale Betriebskrankenkasse,0.0012443806098372,0.0012202911395526,86991.0,-0.0053683714407237,1.1,False,0.8391126460516318,,0.967512990653364,0.054635470263196685,0
2017,Continentale Betriebskrankenkasse,3,67863,89406,1.3,continentale betriebskrankenkasse,Continentale Betriebskrankenkasse,0.001251002960836,0.0012266555205089,89237.0,-0.001893833275435,1.3,False,0.8441756237129985,,1.0389386553871434,0.04363611926417385,0
2020,Continentale Betriebskrankenkasse,2,69864,90553,1.3,continentale betriebskrankenkasse,Continentale Betriebskrankenkasse,0.0012473568721491,0.0012358041535651,90386.0,-0.0018476312703294,1.3,False,0.8704242150628113,,1.0878095238095238,0.04278550935923915,0
2021,Continentale Betriebskrankenkasse,2,70062,90312,1.4,continentale betriebskrankenkasse,Continentale Betriebskrankenkasse,0.0012423514991153,0.0012354310755113,90444.0,0.0014594666312856,1.4,False,0.89,,1.2246601941747572,0.03773352716847695,0
2022,vivida BKK,4,274312,352665,1.3,vivida bkk,vivida bkk,0.0048380768754215,0.0047791766437748,354080.0,0.00399627202892,1.3,False,0.9325170215250842,,1.2661855670103093,0.03743173046989154,0
2024,Continentale Betriebskrankenkasse,2,73575,93455,1.6,continentale betriebskrankenkasse,Continentale Betriebskrankenkasse,0.0012637655576809,0.0012688840425409,93060.0,-0.0042445733935095,1.6,False,0.91,,1.651637323943662,0.029692512710464455,0
2024,Continentale Betriebskrankenkasse,4,74082,93519,2.2,continentale betriebskrankenkasse,Continentale Betriebskrankenkasse,0.0012637655576809,0.0012688840425409,93679.0,0.0017079601618292,2.2,False,0.91,,2.0202699530516433,0.015038084397656392,0
2019,DAK Gesundheit,3,4609837,5658987,1.5,dak gesundheit,DAK Gesundheit,0.0780924493322569,0.081654836046453,5668000.0,0.0015901552575864,1.5,False,1.154017395648864,,1.0157798165137617,0.0040963734685813494,0
2016,DAK Gesundheit,2,4790249,5945186,1.5,dak gesundheit,DAK Gesundheit,0.0840869404731169,0.0879273708334039,6129575.0,0.0300818572250115,1.5,False,1.123848256780286,,0.967512990653364,0.0035736919301293125,0
2023,DAK Gesundheit,3,4520240,5527633,1.7,dak gesundheit,DAK Gesundheit,0.0749666268284706,0.078341795933795,5529976.0,0.0004236908080613,1.7,False,1.17,,1.44302480338778,0.003369489993920557,0
2024,BARMER,4,7009048,8473713,2.19,barmer,BARMER,0.1152228533999455,0.1209589921400693,8473713.0,0.0,2.19,False,1.15,Barmer,2.0202699530516433,0.0007000234500534931,0
2021,Debeka BKK,2,130398,154867,0.9,debeka bkk,Debeka BKK,0.0022273949969253,0.0023917253438625,150775.0,-0.0271397778146244,0.9,False,0.6,,1.2246601941747572,0.07888898395711251,0
2020,BKK Salzgitter,2,45367,58109,0.9,bkk salzgitter,BKK Salzgitter,0.0007990639218147,0.0008006968589916,58054.0,-0.000947393805767,0.9,False,1.099979774010091,,1.0878095238095238,0.056804206698409826,0
2022,Debeka BKK,4,147238,176051,1.49,debeka bkk,Debeka BKK,0.002392639773241,0.0025564736051306,174857.0,-0.0068284369513373,1.49,False,0.6272849119249192,,1.2661855670103093,0.04029610774031386,0
2022,Betriebskrankenkasse Mobil,1,728783,964788,1.29,betriebskrankenkasse mobil,Betriebskrankenkasse Mobil,0.013209826028936,0.0127937755510334,970824.0,0.0062173988282119,1.29,False,0.8544892519611087,,1.2747422680412372,0.03262197567189633,0
2024,IKK classic,4,2412658,3002201,2.19,ikk classic,IKK classic,0.0407390517203044,0.0414564541516344,3002201.0,0.0,2.19,False,1.05,IKK classic,2.0202699530516433,0.005028369676328943,0
2023,Bosch BKK,1,174362,229867,1.5,bosch bkk,Bosch BKK,0.00313043113213,0.0030333447147455,229867.0,0.0,1.5,False,0.88,Bosch BKK,1.4433272837265578,0.03244272844190316,0
2016,DIE BERGISCHE KRANKENKASSE,2,54025,75014,1.0,die bergische krankenkasse,DIE BERGISCHE KRANKENKASSE,0.0010607868023367,0.0009924539841313,73559.0,-0.019780040511698,1.0,False,0.7301904058226515,,0.967512990653364,0.06619549988452561,0
2017,DIE BERGISCHE KRANKENKASSE,2,54035,74400,1.39,die bergische krankenkasse,DIE BERGISCHE KRANKENKASSE,0.001040585226799,0.0009773302857155,75742.0,0.0177180428296057,1.39,False,0.7557687235748868,,1.033628920873869,0.04233524791787174,0
2020,DIE BERGISCHE KRANKENKASSE,4,54289,72307,1.28,die bergische krankenkasse,DIE BERGISCHE KRANKENKASSE,0.0009959778717567,0.0009538416073393,72335.0,0.0003870878551185,1.28,False,0.7906745499417952,,1.0963809523809525,0.046659597545624903,0
2021,DIE BERGISCHE KRANKENKASSE,4,54459,72017,1.4,die bergische krankenkasse,DIE BERGISCHE KRANKENKASSE,0.0009944874577105,0.0009583932266994,72297.0,0.0038729131222595,1.4,False,0.83,,1.2483333333333333,0.03968361279089192,0
2023,DIE BERGISCHE KRANKENKASSE,2,56784,74352,1.6,die bergische krankenkasse,DIE BERGISCHE KRANKENKASSE,0.0010127526405814,0.000988625309617,74103.0,-0.0033601878466458,1.6,False,0.89,,1.4433272837265578,0.030331573862151205,0
2024,DIE BERGISCHE KRANKENKASSE,2,58267,75863,1.99,die bergische krankenkasse,DIE BERGISCHE KRANKENKASSE,0.0010284322602732,0.0010073254448489,75236.0,-0.0083337763836461,1.99,False,0.92,,1.651637323943662,0.019076778927816493,0
2024,Knappschaft,1,1164111,1384289,2.2,knappschaft,Knappschaft,0.0180884172315154,0.0193311700588317,1384289.0,0.0,2.2,False,1.45,KNAPPSCHAFT,1.6360739436619718,0.006399786866031752,0
2016,E.ON BKK,2,6606,9137,1.1,e.on bkk,E.ON BKK,0.000129277499247,0.0001214112727899,9093.0,-0.0048388870559771,1.1,False,0.9078327040130904,,0.967512990653364,0.053318984327606574,0
2016,energie BKK,2,115161,155081,1.1,energie bkk,energie BKK,0.0021919310489143,0.0021151371871523,153998.0,-0.0070325588644008,1.1,False,0.9370379066085938,,0.967512990653364,0.04976411162610088,0
2020,energie BKK,2,111974,144256,1.46,energie bkk,energie BKK,0.0019936909667741,0.0019809291420395,147925.0,0.0248031096839614,1.46,False,1.008036701044724,,1.0878095238095238,0.031709010437980745,0
2023,energie BKK,3,109007,137672,1.59,energie bkk,energie BKK,0.0018679958154233,0.0018899563900999,138074.0,0.0029114822486492,1.59,False,1.09,,1.44302480338778,0.025853519588558325,0
2024,IKK classic,4,2412658,3002201,2.19,ikk classic,IKK classic,0.0407390517203044,0.0414564541516344,3002201.0,0.0,2.19,False,1.05,IKK classic,2.0202699530516433,0.005028369676328943,0
2016,EY BKK,2,8383,11720,0.99,ey bkk,EY BKK,0.0001686535061137,0.0001558495199949,11484.0,-0.0205503308951584,0.99,False,0.5734625142143804,,0.967512990653364,0.07634653189857167,0
2021,EY BKK,2,11034,15874,1.29,ey bkk,EY BKK,0.0002193339323976,0.0001945534439137,15833.0,-0.0025895282005936,1.29,False,0.57,,1.2246601941747572,0.05522951532690254,0
2023,EY BKK,2,11558,16806,1.54,ey bkk,EY BKK,0.0002283514329389,0.0002005379913045,16793.0,-0.0007741320788423,1.54,False,0.58,,1.4433272837265578,0.04160328807367537,0
2016,Heimat Krankenkasse,2,86685,120311,1.1,heimat krankenkasse,Heimat Krankenkasse,0.0017048823044803,0.0015953645973027,121879.0,0.012865218782563,1.1,False,0.7548083951890535,,0.967512990653364,0.05742169104315643,0
2023,Heimat Krankenkasse,1,91165,120183,1.3,heimat krankenkasse,Heimat Krankenkasse,0.0016457467724613,0.0015992524213386,120183.0,0.0,1.3,False,0.87,Heimat Krankenkasse,1.4433272837265578,0.04237714806490972,0
2024,Heimat Krankenkasse,1,92267,120311,1.84,heimat krankenkasse,Heimat Krankenkasse,0.0016140367420664,0.001570253642946,120311.0,0.0,1.84,False,0.89,Heimat Krankenkasse,1.6360739436619718,0.022779800019106688,0
2024,Heimat Krankenkasse,4,91802,118881,2.5,heimat krankenkasse,Heimat Krankenkasse,0.0016140367420664,0.001570253642946,118881.0,0.0,2.5,False,0.89,Heimat Krankenkasse,2.0202699530516433,0.010740511668857401,0
2024,IKK classic,4,2412658,3002201,2.19,ikk classic,IKK classic,0.0407390517203044,0.0414564541516344,3002201.0,0.0,2.19,False,1.05,IKK classic,2.0202699530516433,0.005028369676328943,0
2017,BKK EUREGIO,1,40686,54920,0.7,bkk euregio,BKK EUREGIO,0.0007783614826067,0.0007436142145085,55165.0,0.0044412217891779,0.7,False,0.7873336608620012,,1.0274342306083823,0.08813269139014861,0
2016,BKK EWE,2,9902,13896,0.9,bkk ewe,BKK EWE,0.0001966542221078,0.0001821169091848,13810.0,-0.0062273714699493,0.9,False,0.8262195581615064,,0.967512990653364,0.07018307481201243,0
2023,hkk,1,708460,904661,0.98,hkk,hkk,0.0124243168236206,0.0124166266619177,904661.0,0.0,0.98,False,0.76,hkk,1.4433272837265578,0.05045593473165726,0
2022,Knappschaft,1,1221027,1454664,1.6,knappschaft,Knappschaft,0.0197074957516466,0.0211259334113744,1465790.0,0.0075904461075597,1.6,False,1.397874948233227,,1.2747422680412372,0.01289152179504274,0
2017,BKK Salzgitter,1,45396,59083,0.9,bkk salzgitter,BKK Salzgitter,0.0008243948150759,0.0008182025342764,59466.0,0.0064406551642955,0.9,False,1.08879233800362,,1.0274342306083823,0.05724023609652898,0
2018,IKK Brandenburg und Berlin,4,203255,245211,1.3,ikk brandenburg und berlin,IKK Brandenburg und Berlin,0.0033930664576932,0.003614557634079,246024.0,0.003304555653107,1.3,False,1.025597960340102,,1.0327288926572855,0.036224400702971164,0
2019,IKK Brandenburg und Berlin,4,198662,240057,1.49,ikk brandenburg und berlin,IKK Brandenburg und Berlin,0.0033259966894716,0.0035227501392869,241359.0,0.0053944539047642,1.49,False,1.049882205460166,,1.0157798165137617,0.02879649672773396,0
2023,IKK Brandenburg und Berlin,1,190442,229807,1.77,ikk brandenburg und berlin,IKK Brandenburg und Berlin,0.0030928946533381,0.003269589263508,229807.0,0.0,1.77,False,1.14,IKK Brandenburg und Berlin,1.4433272837265578,0.019686988512374125,0
2024,IKK Brandenburg und Berlin,1,187872,226205,1.99,ikk brandenburg und berlin,IKK Brandenburg und Berlin,0.0030159733950421,0.0031921104432616,226205.0,0.0,1.99,False,1.16,IKK Brandenburg und Berlin,1.6360739436619718,0.01511405358900551,0
2021,DAK Gesundheit,1,4546264,5555016,1.5,dak gesundheit,DAK Gesundheit,0.0765289265887951,0.080073646269171,5595605.0,0.0072537285959248,1.5,False,1.16,,1.2246601941747572,0.004180987901947264,0
2016,IKK classic,2,2637088,3464053,1.4,ikk classic,IKK classic,0.0480164576466377,0.0474346640736348,3499067.0,0.0100066674916484,1.4,False,0.9238709292800956,,0.967512990653364,0.011567255736918133,0
2022,IKK classic,1,2423669,3064511,1.3,ikk classic,IKK classic,0.0419889262767356,0.0424594208947904,3075731.0,0.0036479132928074,1.3,False,1.026055713951486,,1.2747422680412372,0.013874989245571416,0
2023,IKK classic,2,2430357,3061379,1.6,ikk classic,IKK classic,0.0413706917795445,0.0419924685425338,3061379.0,0.0,1.6,False,1.04,IKK classic,1.4433272837265578,0.00978594632255427,0
2024,IKK classic,1,2416381,3023878,1.7,ikk classic,IKK classic,0.0407390517203044,0.0414564541516344,3023878.0,0.0,1.7,False,1.05,IKK classic,1.6360739436619718,0.00877103521384003,0
2024,IKK classic,3,2408375,3017358,2.19,ikk classic,IKK classic,0.0407390517203044,0.0414564541516344,3017358.0,0.0,2.19,False,1.05,IKK classic,1.7955281690140843,0.005002116188418544,0
2021,BARMER,2,7171039,8804461,1.5,barmer,BARMER,0.1208854575681701,0.1261349083294513,8840550.0,0.0040822120795651,1.5,False,1.11,,1.2246601941747572,0.0014125623596489534,0
2021,IKK gesund plus,2,363741,454326,1.1,ikk gesund plus,IKK gesund plus,0.0062199792527115,0.0063703195308556,456462.0,0.004679469484864,1.1,False,0.93,,1.2246601941747572,0.04526089944358874,0
2024,IKK gesund plus,1,357793,442406,1.49,ikk gesund plus,IKK gesund plus,0.0059604357200302,0.0061289560286011,442406.0,0.0,1.49,False,0.98,IKK gesund plus,1.6360739436619718,0.02835043833751553,0
2024,IKK gesund plus,4,357579,439508,2.39,ikk gesund plus,IKK gesund plus,0.0059604357200302,0.0061289560286011,439508.0,0.0,2.39,False,0.98,IKK gesund plus,2.0202699530516433,0.010191344181807982,0
2024,VIACTIV Krankenkasse,4,577704,728895,3.27,viactiv krankenkasse,VIACTIV Krankenkasse,0.0098700787045414,0.0099079370476185,728895.0,0.0,3.27,False,1.11,VIACTIV Krankenkasse,2.0202699530516433,0.003031073293011134,0
2017,IKK Südwest,4,469917,643451,1.5,ikk südwest,IKK Südwest,0.0091221579572374,0.0085464132352086,657789.0,0.0217972632561505,1.5,False,0.7851807838956274,,1.0383934648102429,0.030150150547031258,0
2023,IKK Südwest,2,478552,640317,1.65,ikk südwest,IKK Südwest,0.0086861961367152,0.0083033661803334,640317.0,0.0,1.65,False,0.88,IKK Südwest,1.4433272837265578,0.023856791970793545,0
2025,BKK Gildemeister Seidensticker,1,138784,179542,3.4,bkk gildemeister seidensticker,BKK Gildemeister Seidensticker,0.002374557734419,0.0023393305667376,183609.0,0.0221503303214984,3.4,False,0.8710823103549484,,2.9382978723404256,0.00378285330863168,0
2016,Kaufmännische Krankenkasse (KKH),2,1363121,1747523,1.2,kaufmännische krankenkasse (kkh),Kaufmännische Krankenkasse (KKH),0.0247842043106114,0.0251024844033035,1757714.0,0.0057978715536202,1.2,False,0.9904268034677264,,0.967512990653364,0.025014529953331397,0
2018,Kaufmännische Krankenkasse (KKH),1,1366635,1727042,1.5,kaufmännische krankenkasse (kkh),Kaufmännische Krankenkasse (KKH),0.0238645433962877,0.0243157877317133,1733985.0,0.0040040715461783,1.5,False,1.005012291244682,,1.0326379835663764,0.017749617029702194,0
2022,BKK24,2,94430,120074,2.5,bkk24,BKK24,0.0016396861062662,0.0016489551733079,121885.0,0.0148582680395454,2.5,False,0.9857689632751152,,1.2788659793814432,0.009975581416266498,0
2024,Kaufmännische Krankenkasse (KKH),4,1265482,1543628,3.28,kaufmännische krankenkasse (kkh),Kaufmännische Krankenkasse (KKH),0.0210185368501448,0.0217932204606422,1557907.0,0.0091655021769592,3.28,False,1.11,,2.0202699530516433,0.0022487142978604795,0
2021,BARMER,2,7171039,8804461,1.5,barmer,BARMER,0.1208854575681701,0.1261349083294513,8840550.0,0.0040822120795651,1.5,False,1.11,,1.2246601941747572,0.0014125623596489534,0
2016,Knappschaft,2,1410766,1689676,1.3,knappschaft,Knappschaft,0.023710678876089,0.0256620693617373,1701552.0,0.0069795104704411,1.3,False,1.388837946429398,,0.967512990653364,0.016864154735039792,0
2023,Knappschaft,1,1194852,1423181,1.6,knappschaft,Knappschaft,0.0190700364824294,0.0204187706627657,1431076.0,0.0055168278973304,1.6,False,1.44,KNAPPSCHAFT,1.4433272837265578,0.012635363678156345,0
2024,Knappschaft,1,1164111,1384289,2.2,knappschaft,Knappschaft,0.0180884172315154,0.0193311700588317,1384289.0,0.0,2.2,False,1.45,KNAPPSCHAFT,1.6360739436619718,0.006399786866031752,0
2024,Knappschaft,3,1122659,1336136,2.7,knappschaft,Knappschaft,0.0180884172315154,0.0193311700588317,1336136.0,0.0,2.7,False,1.45,KNAPPSCHAFT,1.7955281690140843,0.0036564747396388834,0
2024,BARMER,1,7108403,8625352,2.19,barmer,BARMER,0.1152228533999455,0.1209589921400693,8625352.0,0.0,2.19,False,1.15,Barmer,1.6360739436619718,0.000664154238700233,0
2017,Koenig & Bauer BKK,4,9534,12329,0.9500000000000002,koenig & bauer bkk,Koenig & Bauer BKK,0.0001722442962102,0.0001716863932078,12329.0,0.0,0.9500000000000002,False,0.9586633999816268,,1.0383934648102429,0.06047792252887808,0
2018,Koenig & Bauer BKK,2,9534,12329,1.44,koenig & bauer bkk,Koenig & Bauer BKK,0.00016911142347,0.0001688376080999,12329.0,0.0,1.44,False,0.974063836397331,,1.0308198017481949,0.03480455134446958,0
2024,IKK gesund plus,4,357579,439508,2.39,ikk gesund plus,IKK gesund plus,0.0059604357200302,0.0061289560286011,439508.0,0.0,2.39,False,0.98,IKK gesund plus,2.0202699530516433,0.010191344181807982,0
2023,KRONES BKK,2,14728,20091,0.9,krones bkk,KRONES BKK,0.0002742956490324,0.0002570387745689,19755.0,-0.0170083523158694,0.9,False,0.73,,1.4433272837265578,0.07502224319651972,0
2024,BMW BKK,3,166481,228909,1.3,bmw bkk,BMW BKK,0.0030854850745766,0.0028622158789649,228909.0,0.0,1.3,False,0.8,BMW BKK,1.7955281690140843,0.043033926010333415,0
2016,mhplus BKK,3,420560,580701,1.080753051786245,mhplus bkk,mhplus BKK,0.0081553778924552,0.0076571724404014,573208.0,-0.013072043656055,1.080753051786245,False,0.7812281948281624,,0.969799426470914,0.04960114251993429,0
2017,mhplus BKK,3,423117,578082,1.086046779986642,mhplus bkk,mhplus BKK,0.0080708237028202,0.0076293838784101,578889.0,0.0013940496364588,1.086046779986642,False,0.7936429291159515,,1.0389386553871434,0.048775822145100366,0
2017,BKK Pfalz,2,142584,194083,1.42835927683496,bkk pfalz,BKK Pfalz,0.0026875642591093,0.002551440061176,196092.0,0.0102451910327805,1.42835927683496,False,0.7958887906869777,,1.033628920873869,0.03783582072911577,0
2020,AOK Niedersachsen,4,2197714,2885300,0.8,aok niedersachsen,AOK Niedersachsen,0.0395472190674657,0.038504447938,2883147.0,-0.0007467534607149,0.8,False,0.9966027042431996,,1.0963809523809525,0.026727482284296167,0
2025,mhplus BKK,1,403287,510431,2.56,mhplus bkk,mhplus BKK,0.006946695795591,0.0070268581703108,528445.0,0.0340886941876638,2.56,False,0.902474294848198,,2.9382978723404256,0.008626998477294708,0
2018,AOK Hessen,3,1242871,1665979,1.0,aok hessen,AOK Hessen,0.0230581249988098,0.0221787997540809,1656716.0,-0.0055911815905683,1.0,False,1.049678577221993,,1.0345470744754677,0.031015622017880315,0
2016,Kaufmännische Krankenkasse (KKH),2,1363121,1747523,1.2,kaufmännische krankenkasse (kkh),Kaufmännische Krankenkasse (KKH),0.0247842043106114,0.0251024844033035,1757714.0,0.0057978715536202,1.2,False,0.9904268034677264,,0.967512990653364,0.025014529953331397,0
2024,Novitas BKK,1,314574,400752,1.7,novitas bkk,Novitas BKK,0.0054298658442268,0.0054302992696672,400752.0,0.0,1.7,False,1.12,Novitas BKK,1.6360739436619718,0.020416492079663673,0
2025,BKK VDN,1,24171,30786,3.19,bkk vdn,BKK VDN,0.000416277983693,0.0004145491226174,30910.0,0.004011646716273,3.19,False,0.9830082428691236,,2.9382978723404256,0.004663866210696939,0
2023,BKK Freudenberg,4,28416,36767,1.5,bkk freudenberg,BKK Freudenberg,0.0004996094478495,0.0004916917519718,36786.0,0.0005165008427119,1.5,False,0.89,,1.4430127041742289,0.0343577919821595,0
2020,pronova BKK,2,507945,651038,1.5,pronova bkk,pronova BKK,0.008964799732832,0.0089765143714793,654627.0,0.0054825114148973,1.5,False,1.089704286811668,,1.0878095238095238,0.024034770197746032,0
2023,pronova BKK,1,505176,639654,1.7,pronova bkk,pronova BKK,0.0086515345616459,0.0087256515812775,639654.0,0.0,1.7,False,1.13,pronova BKK,1.4433272837265578,0.01868089965811095,0
2024,pronova BKK,1,500545,631146,1.8,pronova bkk,pronova BKK,0.0084520004760816,0.0085278865555747,631146.0,0.0,1.8,False,1.14,Pronova BKK,1.6360739436619718,0.01659406774324701,0
2024,pronova BKK,3,495482,625134,2.4,pronova bkk,pronova BKK,0.0084520004760816,0.0085278865555747,625134.0,0.0,2.4,False,1.14,Pronova BKK,1.7955281690140843,0.008367694588881229,0
2023,DAK Gesundheit,3,4520240,5527633,1.7,dak gesundheit,DAK Gesundheit,0.0749666268284706,0.078341795933795,5529976.0,0.0004236908080613,1.7,False,1.17,,1.44302480338778,0.003369489993920557,0
2024,BKK EWE,4,11398,15091,0.9,bkk ewe,BKK EWE,0.0002027661572163,0.0001937356328519,14979.0,-0.0074771346551839,0.9,False,0.92,,2.0202699530516433,0.06559744945853552,0
2020,R+V Betriebskrankenkasse,3,118354,156735,1.2,r+v betriebskrankenkasse,R+V Betriebskrankenkasse,0.0021621705372392,0.0020961984597559,158160.0,0.0090098634294385,1.2,False,0.7604075744311994,,1.0963809523809525,0.05064503830797557,0
2023,R+V Betriebskrankenkasse,2,124211,161518,1.4,r+v betriebskrankenkasse,R+V Betriebskrankenkasse,0.0022010913821007,0.002165229036549,160155.0,-0.0085105054478473,1.4,False,0.8,,1.4433272837265578,0.039401170552034154,0
2024,AOK PLUS,1,2767970,3492839,1.8,aok plus,AOK PLUS,0.0473252310634484,0.0476603531964127,3492839.0,0.0,1.8,False,1.07,AOK Plus,1.6360739436619718,0.006551476537528186,0
2016,Salus BKK,2,124714,161251,0.7,salus bkk,Salus BKK,0.002311413942869,0.0023189699337467,155606.0,-0.0362775214323355,0.7,False,0.7753901408978354,,0.967512990653364,0.08609033418248353,0
2019,WMF BKK,2,18733,23848,0.9,wmf bkk,WMF BKK,0.0003357317109342,0.0003383593213843,23416.0,-0.0184489238127775,0.9,False,0.9234010219415588,,1.0014984709480124,0.06525852650327267,0
2022,BKK Pfalz,1,124205,164648,1.4,bkk pfalz,BKK Pfalz,0.0022476420815849,0.0021687749669,165523.0,0.0052862744150359,1.4,False,0.89910766681517,,1.2747422680412372,0.03655126020493074,0
2023,Salus BKK,1,132628,168481,1.59,salus bkk,Salus BKK,0.0022841652509875,0.0022960319827407,168481.0,0.0,1.59,False,0.88,Salus BKK,1.4433272837265578,0.029937366056719702,0
2023,AOK Bayern,3,3647092,4665007,1.58,aok bayern,AOK Bayern,0.0631922823417326,0.0631539840395532,4665007.0,0.0,1.58,False,1.0,AOK Bayern,1.44302480338778,0.005942336955776228,0
2017,SBK,2,780318,1036961,1.3,sbk,SBK,0.0145108799299303,0.0141079430944819,1036612.0,-0.0003366737024074,1.3,False,0.9077601934937688,,1.033628920873869,0.030325538515879616,0
2023,SBK,1,860238,1108820,1.5,sbk,SBK,0.0149874426617563,0.0148559000670188,1108820.0,0.0,1.5,False,0.97,SBK,1.4433272837265578,0.022542122830371616,0
2024,SBK,4,872154,1112440,1.7,sbk,SBK,0.0150423041028554,0.0149563667554143,1112440.0,0.0,1.7,False,0.98,SBK,2.0202699530516433,0.017806806916303045,0
2022,DAK Gesundheit,2,4521910,5523799,1.5,dak gesundheit,DAK Gesundheit,0.0757621011052089,0.0792426632994027,5499687.0,-0.0043842495036535,1.5,False,1.163880139254498,,1.2788659793814432,0.004309106041109907,0
2020,BKK ProVita,4,96330,125188,1.3,bkk provita,BKK ProVita,0.0017206046637364,0.0016887536857539,125319.0,0.0010453323119399,1.3,False,0.8696604813141294,,1.0963809523809525,0.04231543507627179,0
2017,SECURVITA BKK,4,149136,228690,1.7,securvita bkk,SECURVITA BKK,0.003206364805769,0.0026889791580633,230068.0,0.0059895335292174,1.7,False,0.6805436819660766,,1.0383934648102429,0.03006839668332879,0
2022,SECURVITA BKK,4,153517,221660,1.5,securvita bkk,SECURVITA BKK,0.0030505883476643,0.0026842099383321,222827.0,0.0052372468327446,1.5,False,0.760648203615386,,1.2661855670103093,0.03553295740762675,0
2023,BKK Wirtschaft und Finanzen,3,22988,32321,1.69,bkk wirtschaft und finanzen,BKK Wirtschaft und Finanzen,0.000438571987213,0.0003992422156078,32049.0,-0.0084870042747043,1.69,False,0.71,,1.44302480338778,0.0317968883385738,0
2024,SECURVITA BKK,2,150920,213588,2.2,securvita bkk,SECURVITA BKK,0.0028817147524842,0.0025935751025493,218974.0,0.024596527441614,2.2,False,0.78,,1.651637323943662,0.015897256536432827,0
2024,IKK classic,4,2412658,3002201,2.19,ikk classic,IKK classic,0.0407390517203044,0.0414564541516344,3002201.0,0.0,2.19,False,1.05,IKK classic,2.0202699530516433,0.005028369676328943,0
2016,SIEMAG BKK,2,13952,18644,1.0,siemag bkk,SIEMAG BKK,0.0002634946409325,0.0002563675249741,18613.0,-0.0016655026057056,1.0,False,0.9745122329211118,,0.967512990653364,0.05649870441177524,0
2017,SIEMAG BKK,2,14355,18943,1.4,siemag bkk,SIEMAG BKK,0.0002667418563989,0.0002609690801728,18862.0,-0.0042943484254055,1.4,False,0.9879004961257652,,1.033628920873869,0.035945403376478,0
2016,mhplus BKK,4,423645,580361,1.080753051786245,mhplus bkk,mhplus BKK,0.0081553778924552,0.0076571724404014,580701.0,0.0005854992500443,1.080753051786245,False,0.7812281948281624,,0.969799426470914,0.04947867780769631,0
2024,BKK Linde,1,154780,203979,1.5,bkk linde,BKK Linde,0.0029467713133451,0.0028420642056206,203979.0,0.0,1.5,False,0.67,BKK Linde,1.6360739436619718,0.03823951401317501,0
2019,AOK PLUS,4,2706264,3358621,0.6,aok plus,AOK PLUS,0.0461003865919869,0.04759725741721,3343037.0,-0.0046616295302744,0.6,False,1.087983700608281,,1.0157798165137617,0.026774936290828225,0
2024,SKD BKK,2,36606,47248,1.49,skd bkk,SKD BKK,0.0006418367055419,0.0006339083617166,46996.0,-0.0053621584815729,1.49,False,0.98,,1.651637323943662,0.03238615116305668,0
2019,AOK Bayern,3,3571817,4564389,1.1,aok bayern,AOK Bayern,0.0631294603784016,0.0634775245629925,4586111.0,0.004736474978473,1.1,False,1.005776664383717,,1.0157798165137617,0.010553583282299606,0
2020,Südzucker BKK,2,6952,8902,1.1,südzucker bkk,Südzucker BKK,0.0001224080360903,0.0001227447216184,8920.0,0.0020179372197309,1.1,False,1.06422458631727,,1.0878095238095238,0.047569735573361,0
2016,IKK classic,3,2560544,3364596,1.4,ikk classic,IKK classic,0.0480164576466377,0.0474346640736348,3464053.0,0.028711165793364,1.4,False,0.9238709292800956,,0.969799426470914,0.011707042459304899,0
2019,TBK Thüringer Betriebskrankenkasse,2,12060,14606,0.9,tbk thüringer betriebskrankenkasse,TBK Thüringer Betriebskrankenkasse,0.0002020850361022,0.0002140590071985,14600.0,-0.0004109589041095,0.9,False,1.006489248877497,,1.0014984709480124,0.061646005782498264,0
2017,TUI BKK,2,12819,17747,1.1,tui bkk,TUI BKK,0.0002492086751397,0.0002325527671372,17670.0,-0.0043576683644595,1.1,False,0.7008549418360942,,1.033628920873869,0.061771368570728756,0
2020,TUI BKK,2,13117,17926,1.25,tui bkk,TUI BKK,0.0002482277594081,0.0002326719464518,18082.0,0.0086273642296206,1.25,False,0.7112378934744659,,1.0878095238095238,0.05203265428705993,0
2022,TUI BKK,4,12938,17544,1.35,tui bkk,TUI BKK,0.0002413846267114,0.0002261240559301,17618.0,0.0042002497445794,1.35,False,0.7787804773395751,,1.2661855670103093,0.04435964938170157,0
2023,TUI BKK,3,12870,17457,1.5,tui bkk,TUI BKK,0.0002371931179723,0.0002238060725937,17517.0,0.0034252440486384,1.5,False,0.76,,1.44302480338778,0.03807598292628308,0
2016,IKK classic,4,2561335,3342633,1.4,ikk classic,IKK classic,0.0480164576466377,0.0474346640736348,3364596.0,0.0065276782115891,1.4,False,0.9238709292800956,,0.969799426470914,0.012113274397321346,0
2018,VIACTIV Krankenkasse,2,555921,727268,1.7,viactiv krankenkasse,VIACTIV Krankenkasse,0.0100550060059502,0.0099023417541004,730019.0,0.0037683950691694,1.7,False,1.071823662044287,,1.0308198017481949,0.018927221647122298,0
2021,VIACTIV Krankenkasse,2,559418,718197,1.6,viactiv krankenkasse,VIACTIV Krankenkasse,0.009898459388924,0.0098854534032051,719863.0,0.0023143292543164,1.6,False,1.1,,1.2246601941747572,0.02082960100803558,0
2024,VIACTIV Krankenkasse,2,577961,733040,1.99,viactiv krankenkasse,VIACTIV Krankenkasse,0.0098700787045414,0.0099079370476185,733040.0,0.0,1.99,False,1.11,VIACTIV Krankenkasse,1.651637323943662,0.013198111134639704,0
2024,VIACTIV Krankenkasse,4,577704,728895,3.27,viactiv krankenkasse,VIACTIV Krankenkasse,0.0098700787045414,0.0099079370476185,728895.0,0.0,3.27,False,1.11,VIACTIV Krankenkasse,2.0202699530516433,0.003031073293011134,0
2018,BKK Gildemeister Seidensticker,1,129226,178135,1.2,bkk gildemeister seidensticker,BKK Gildemeister Seidensticker,0.0024575346344616,0.0023025821357984,178736.0,0.0033625011189687,1.2,False,0.7654726062317301,,1.0326379835663764,0.050117080598640784,0
2021,DIE BERGISCHE KRANKENKASSE,2,54287,72215,1.4,die bergische krankenkasse,DIE BERGISCHE KRANKENKASSE,0.0009944874577105,0.0009583932266994,72128.0,-0.001206188997338,1.4,False,0.83,,1.2246601941747572,0.03968584837142391,0
2023,vivida BKK,1,272984,350903,1.4,vivida bkk,vivida bkk,0.004739929708128,0.0047205833527659,350903.0,0.0,1.4,False,0.94,Vivida BKK,1.4433272837265578,0.03332409416662182,0
2021,BKK ZF & Partner,2,76512,101240,1.8,bkk zf & partner,BKK ZF & Partner,0.001393010386548,0.0013485439518787,102581.0,0.0130725962897612,1.8,False,0.92,,1.2246601941747572,0.023444306539452186,0
2024,vivida BKK,3,269693,343090,2.49,vivida bkk,vivida bkk,0.0046256137786512,0.0046372157563954,343090.0,0.0,2.49,False,0.96,Vivida BKK,1.7955281690140843,0.009537130987610252,0
2019,BARMER,4,7343822,9049843,1.1,barmer,BARMER,0.1254221313460416,0.1299527418624213,9069570.0,0.0021750755548498,1.1,False,1.080757426113507,,1.0157798165137617,0.002119264379037268,0
2016,Wieland BKK,2,8735,11885,1.3,wieland bkk,Wieland BKK,0.0001673974256079,0.0001596881781229,11993.0,0.0090052530642875,1.3,False,0.9407392172878486,,0.967512990653364,0.04169980576096107,0
2020,Wieland BKK,3,8577,11281,1.1,wieland bkk,Wieland BKK,0.0001551079576217,0.0001514650823648,11276.0,-0.0004434196523589,1.1,False,0.9872177505945812,,1.0963809523809525,0.05028540125746292,0
2016,WMF BKK,3,16951,22240,1.1,wmf bkk,WMF BKK,0.0003140765795025,0.0003108947497155,22256.0,0.0007189072609633,1.1,False,0.9286009648792914,,0.969799426470914,0.052292039096040424,0
2024,BKK Herkules,2,24657,31642,1.09,bkk herkules,BKK Herkules,0.0004300302137519,0.0004278675724436,30029.0,-0.0537147424156648,1.09,False,0.94,,1.651637323943662,0.05229822414582449,0
2020,WMF BKK,3,19935,25467,1.6,wmf bkk,WMF BKK,0.0003481296652396,0.000349880637822,25374.0,-0.0036651690707022,1.6,False,0.9239199307568694,,1.0963809523809525,0.03006337169017612,0
2016,AOK Bayern,2,3395941,4357301,1.1,aok bayern,AOK Bayern,0.0618759088148215,0.0625620480242819,4339287.0,-0.0041513732555601,1.1,False,1.042804999786472,,0.967512990653364,0.011168053887462809,0
